Workbook

Sheet 00_COVER
A1: SPK SMARTER — Rekomendasi Kerja Part-Time UKRIDA (DATA REAL 2026)
A2: Evaluator real MHS-R050 (Brandon J. Sutedja, NIM 412024022) • 221 lowongan scraping real • 49 responden GForm real • Prioritas BARU C1>C2>C3>C4>C5
A4: IDENTITAS KELOMPOK
A5: NIM | B5: Nama Mahasiswa
A6: 412024022 | B6: Brandon Jeremiah Sutedja
A7: 412024043 | B7: Andrew Linardi
A8: 412025014 | B8: Raffael Benediktus Lolaroh
A9: 412025021 | B9: Michael Aaron Sipahutar
A11: SUMBER DATA REAL (bukan mock — diverifikasi dari CSV codebase)
A12: 1) Lowongan : data/processed/cleaned-jobs/clean_jobs_dataset.csv — 221 baris real scraping Glints (gaji Rp25–50rb/jam, 11 kategori).
A13: 2) Mahasiswa: data/processed/cleaned-real-students/clean_real_student.csv — 49 responden real (GForm 3–13 Okt 2026; 1 baris drop karena skill kosong).
A14: 3) Evaluator : MHS-R050 / Brandon Jeremiah Sutedja / NIM 412024022.0 — Education & Tutoring, ekspektasi Rp21,000/jam, Jakarta Utara, 15 jam/mgg, Onsite (diisi 2026-10-13 09:42:23).
A15: 4) C1–C5 dihitung ulang dgn rumus pipeline src/decision_matrix.py + TF-IDF (sklearn) thd evaluator tsb — nilai X di sheet 03_ALTERNATIF = hasil komputasi, bukan karangan.
A16: 5) File ini BARU (7 sheet vertikal, tema biru, SUMPRODUCT + RANK.EQ + INDEX-MATCH + XLOOKUP) — beda total dari v4 (2 sheet horizontal, tema merah, Σ manual + RANK + VLOOKUP saja).
A18: DAFTAR ISI — KLIK LINK (HYPERLINK)
A19: =HYPERLINK("#'01_KRITERIA'!A1","→ 01_KRITERIA — Kriteria, tipe Benefit/Cost, rank & bobot ROC (CHOOSE + VLOOKUP + HLOOKUP)")
A20: =HYPERLINK("#'02_PROFIL'!A1","→ 02_PROFIL — Profil evaluator real + tabel 49 responden (VLOOKUP + AVERAGE + COUNTIF)")
A21: =HYPERLINK("#'03_ALTERNATIF'!A1","→ 03_ALTERNATIF — 15 alternatif lowongan real + matriks X + MAX/MIN/RATA2 (link antar-sheet)")
A22: =HYPERLINK("#'04_SMARTER'!A1","→ 04_SMARTER — Utility IF-Benefit/Cost + Nilai SUMPRODUCT + Rank RANK.EQ + kotak INDEX-MATCH/XLOOKUP")
A23: =HYPERLINK("#'05_ARSIP_221'!A1","→ 05_ARSIP_221 — Arsip penuh 221 lowongan (skor global + rank global, jadi acuan VLOOKUP)")
A24: =HYPERLINK("#'06_DASHBOARD'!A1","→ 06_DASHBOARD — Top-5 otomatis (LARGE) + grafik + kesimpulan CONCAT")
A26: CARA PAKAI (semua angka turunan = RUMUS, silakan ubah sel kuning)
A27: 1) Sheet 01_KRITERIA: ubah Rank di kolom E (kuning, 1–5 unik) → bobot ROC & semua skor ikut berubah otomatis.
A28: 2) Sheet 04_SMARTER: ketik Rank 1–15 di sel kuning C23 → pemenang tampil via 3 metode (VLOOKUP / INDEX-MATCH / XLOOKUP).
A29: 3) Sheet 02_PROFIL: ganti ID di B3 (mis. MHS-R001) → kartu profil ikut via VLOOKUP (matriks X tetap milik MHS-R050; regenerasi via scripts/build_spk_real_excel.py untuk evaluator lain).
A30: 4) Sheet 06_DASHBOARD: Top-5 + grafik ter-update sendiri (LARGE + BarChart).

Sheet 01_KRITERIA
A1: 01 — KRITERIA, TIPE BENEFIT/COST & BOBOT ROC
A2: Semua 5 kriteria = BENEFIT (makin besar makin baik) • Prioritas BARU: C1(1) > C2(2) > C3(3) > C4(4) > C5(5) • Bobot via CHOOSE dari tabel ROC (bukan ketikan)
A3: Kode | B3: Nama Kriteria | C3: Definisi / Satuan / Rumus Xij (relatif ke MHS-R050) | D3: Tipe | E3: Rank (input) | F3: Bobot ROC | G3: Alasan Benefit (mengapa bukan Cost) | H3: Cek | J3: TABEL ACUAN ROC (K=5)
A4: C1 | B4: Kesesuaian Kategori | C4: 1,0 jika kategori = Education & Tutoring (minat MHS-R050); 0,3 jika beda. Satuan: skor. | D4: Benefit | E4: 1 | F4: =CHOOSE($E4,$K$5,$K$6,$K$7,$K$8,$K$9) | G4: Cocok minat → makin baik; tidak ada penalti cost. | H4: ✓ | J4: Rank | K4: Bobot ROC | L4: Rumus
A5: C2 | B5: Rasio Penawaran Gaji | C5: gaji/jam ÷ Rp21.000 (ekspektasi MHS-R050), di-cap 2,0. Mis. 2,0 = 2× lipat ekspektasi. | D5: Benefit | E5: 2 | F5: =CHOOSE($E5,$K$5,$K$6,$K$7,$K$8,$K$9) | G5: Gaji lebih tinggi selalu lebih baik bagi mahasiswa (benefit). | H5: ✓ | J5: 1 | K5: =(1+1/2+1/3+1/4+1/5)/5 | L5: =(1+1/2+1/3+1/4+1/5)/5
A6: C3 | B6: Aksesibilitas Lokasi | C6: 1,0 Remote/se-Jakarta Utara; 0,8 sesama Jakarta; 0,4 lainnya (aturan calc_c3). | D6: Benefit | E6: 3 | F6: =CHOOSE($E6,$K$5,$K$6,$K$7,$K$8,$K$9) | G6: Lokasi mudah dijangkau → makin baik (benefit). | H6: ✓ | J6: 2 | K6: =(1/2+1/3+1/4+1/5)/5 | L6: =(1/2+1/3+1/4+1/5)/5
A7: C4 | B7: Kesesuaian Jam Kerja | C7: 1 − |jam − 15|/20 (jam ideal MHS-R050 = 15/mgg). Dekat ideal → ~1. | D7: Benefit | E7: 4 | F7: =CHOOSE($E7,$K$5,$K$6,$K$7,$K$8,$K$9) | G7: Jam dekat ideal → makin baik (benefit). | H7: ✓ | J7: 3 | K7: =(1/3+1/4+1/5)/5 | L7: =(1/3+1/4+1/5)/5
A8: C5 | B8: Kemiripan Keahlian | C8: Cosine TF-IDF skill mhs vs lowongan [0–1]. 0,75 = sangat cocok. | D8: Benefit | E8: 5 | F8: =CHOOSE($E8,$K$5,$K$6,$K$7,$K$8,$K$9) | G8: Skill cocok → makin baik (benefit). | H8: ✓ | J8: 4 | K8: =(1/4+1/5)/5 | L8: =(1/4+1/5)/5
A9: TOTAL | F9: =SUM(F4:F8) | G9: =IF(ABS(F9-1)<0.0005,"✔ Jumlah bobot = 1 (OK)","✘ Jumlah ≠ 1 (ERROR)") | J9: 5 | K9: =(1/5)/5 | L9: =(1/5)/5
A10: Rank harus unik 1–5: | F10: =IF(AND(COUNTIF(E4:E8,1)=1,COUNTIF(E4:E8,2)=1,COUNTIF(E4:E8,3)=1,COUNTIF(E4:E8,4)=1,COUNTIF(E4:E8,5)=1),"✔ Rank unik 1–5 (OK)","✘ Rank ganda/kosong")
J11: DEMO LOOKUP (coba ganti sel kuning)
J12: Input Kode: | K12: C3
J13: Nama (VLOOKUP): | K13: =VLOOKUP($K$12,$A$4:$B$8,2,FALSE)
J14: Bobot (VLOOKUP): | K14: =VLOOKUP($K$12,$A$4:$F$8,6,FALSE)
J15: Bobot (HLOOKUP): =HLOOKUP($K$12,$J$17:$N$18,2,FALSE) →
J16: HLOOKUP → | K16: =HLOOKUP($K$12,$J$17:$N$18,2,FALSE)
J17: C1 | K17: C2 | L17: C3 | M17: C4 | N17: C5
J18: =F4 | K18: =F5 | L18: =F6 | M18: =F7 | N18: =F8
A20: CATATAN TIPE: tidak ada kriteria Cost pada data ini — semua makin-besar-makin-baik sehingga rumus utility memakai cabang Benefit.
A21: Rumus utility di sheet 04_SMARTER tetap memakai IF(Tipe="Benefit", ..., cabang Cost ...) + IFERROR(MAX=MIN → 1) agar siap jika suatu saat ada kriteria Cost.
A22: BEDA vs v4: v4 bobot diketik per kolom (=...)/5; file ini bobot = CHOOSE(Rank, tabel ROC) + validasi SUM=1 + cek rank unik + demo VLOOKUP/HLOOKUP.

Sheet 02_PROFIL
A1: 02 — PROFIL EVALUATOR REAL + TABEL 49 RESPONDEN
A2: Kartu atas = VLOOKUP dari tabel 49 di bawah (ganti ID di B3 untuk demo) • Matriks X di sheet 03 tetap milik MHS-R050
A3: ID Evaluator (kuning): | B3: MHS-R050 | C3: =HYPERLINK("#'00_COVER'!A1","← Cover")
A4: Nama | B4: =VLOOKUP($B$3,$A$16:$H$64,2,FALSE) | C4: VLOOKUP nama
A5: NIM (dari GForm) | B5: 412024022.0 | C5: statis — lihat timestamp
A6: Minat / Kategori | B6: =VLOOKUP($B$3,$A$16:$H$64,3,FALSE) | C6: → C1
A7: Gaji min /jam (Rp) | B7: =VLOOKUP($B$3,$A$16:$H$64,4,FALSE) | C7: → C2 = gaji ÷ sel ini
A8: Domisili bersih | B8: =VLOOKUP($B$3,$A$16:$H$64,5,FALSE) | C8: → C3
A9: Jam ideal /mgg | B9: =VLOOKUP($B$3,$A$16:$H$64,6,FALSE) | C9: → C4 = 1−|jam−sel|/20
A10: Sistem favorit | B10: =VLOOKUP($B$3,$A$16:$H$64,7,FALSE) | C10: konteks C3
A11: Skill (mentah) | B11: membuat modul belajar, komunikasi yang baik, time management, ramah, sabar | C11: → C5 cosine
A12: Diisi via GForm 2026-10-13 09:42:23 • Domisili asli: Jakarta Utara (Penjaringan, Kelapa Gading, Pluit, Pademangan, dsb.) • Skill bersih (NLP): membuat modul belajar komunikasi time management ramah sabar
A14: TABEL 49 RESPONDEN REAL (clean_real_student.csv) — ringkasan bawah memakai AVERAGE/COUNTIF/MIN/MAX
A15: ID | B15: Nama | C15: Kategori Minat | D15: Gaji Min/jam | E15: Domisili | F15: Jam/mgg | G15: Sistem | H15: Skill (ringkas)
A16: MHS-R001 | B16: Kristofer Ryan Giggs Eka Saputra | C16: Admin & Office Support | D16: 44000 | E16: Jakarta Barat | F16: 10 | G16: Hybrid | H16: Microsoft Excel, bahasa Inggris yg fluent, Ai coding, manaje
A17: MHS-R002 | B17: Juwita Rahayu Fafilaya | C17: Education & Tutoring | D17: 23000 | E17: Jakarta Barat | F17: 8 | G17: Onsite | H17: Komunikasi yang baik, menyukai anak kecil, mampu mengajarkan
A18: MHS-R003 | B18: Hesekiel | C18: Admin & Office Support | D18: 39000 | E18: Jakarta Barat | F18: 8 | G18: Hybrid | H18: Microsoft word , Canva ,komunikasi ramah.
A19: MHS-R004 | B19: Rosvlia Vhenesya Patiran | C19: Design & Creative | D19: 39000 | E19: Jakarta Barat | F19: 8 | G19: Hybrid | H19: Canva,video editing capcut.
A20: MHS-R005 | B20: Jonathan Agustinus | C20: IT & Software | D20: 56000 | E20: Jakarta Barat | F20: 10 | G20: Remote | H20: HTML, CSS, Python dasar, analisis data, troubleshooting komp
A21: MHS-R006 | B21: YADIN MURIB | C21: Food & Beverage (F&B) | D21: 23000 | E21: Jakarta Barat | F21: 8 | G21: Onsite | H21: Masak,jaga kebersihan,keramahan.
A22: MHS-R007 | B22: Robby cahyadi | C22: Food & Beverage (F&B) | D22: 23000 | E22: Jakarta Barat | F22: 8 | G22: Onsite | H22: Belum ada pengalaman
A23: MHS-R008 | B23: vera ayuyustina marbun | C23: Customer Service & Support | D23: 22000 | E23: Tangerang Selatan | F23: 25 | G23: Hybrid | H23: analisis data,komunikasi ramah, kemampuan bekerja sama
A24: MHS-R009 | B24: Larry Nataraharja Filemon | C24: Education & Tutoring | D24: 57000 | E24: Tangerang Selatan | F24: 12 | G24: Remote | H24: Math, Kimia, English, Mandarin, Korean, Communication, Adapt
A25: MHS-R010 | B25: Isabella Shanty Aryani | C25: Admin & Office Support | D25: 19000 | E25: Jakarta Barat | F25: 10 | G25: Onsite | H25: Mampu mengoperasikan Microsoft Office (Word, Excel, PowerPoi
A26: MHS-R011 | B26: Joeyceline Patricia | C26: Retail & Store Operations | D26: 39000 | E26: Jakarta Barat | F26: 8 | G26: Onsite | H26: komunikasi yang baik, pengecekan dan penataan barang, menjag
A27: MHS-R012 | B27: Jovin Valianta | C27: IT & Software | D27: 29000 | E27: Jakarta Barat | F27: 15 | G27: Hybrid | H27: canva, linux, web security, communication skills, english
... A64: MHS-R050 | B64: Brandon Jeremiah Sutedja | C64: Education & Tutoring | D64: 21000 | E64: Jakarta Utara | F64: 15 | G64: Onsite | H64: membuat modul belajar, komunikasi yang baik, time management
A65: RATA2 | D65: =AVERAGE(D16:D64) | F65: =AVERAGE(F16:F64) | H65: =COUNTIF(C16:C64,"IT & Software")&" dari 49 minat IT"
A66: MIN / MAX | D66: =MIN(D16:D64)&" – "&MAX(D16:D64) | F66: =MIN(F16:F64)&" – "&MAX(F16:F64) | H66: =COUNTIF(C16:C64,"Education & Tutoring")&" minat Edukasi"

Sheet 03_ALTERNATIF
A1: 03 — 15 ALTERNATIF REAL + MATRIKS KEPUTUSAN X (C1–C5)
A2: 15 dari 221 lowongan real, DIACAK (tidak urut skor) agar RANK bermakna • X = hasil pipeline real utk MHS-R050 • Tipe+Bobot di-link dari 01_KRITERIA
A3: Kode | B3: Job ID | C3: Judul Lowongan (real) | D3: Perusahaan (real) | E3: Kategori | F3: Gaji/jam | G3: Lokasi | H3: Jam | I3: Sistem | J3: C1 | K3: C2 | L3: C3 | M3: C4 | N3: C5
A4: A1 | B4: JOB-1194 | C4: [Part-time] - Pengajar Bahasa Inggris - Jakarta Barat | D4: Ruangguru | E4: Education & Tutoring | F4: 45000 | G4: Jakarta Barat | H4: 12 | I4: Onsite | J4: 1 | K4: 2 | L4: 0.8 | M4: 0.85 | N4: 0.288
A5: A2 | B5: JOB-1181 | C5: Part Time Guru Ekskul Board Game di sekolah sekitar Tangsel | D5: Board Game Class | E5: Education & Tutoring | F5: 45000 | G5: Jakarta Utara | H5: 16 | I5: Hybrid | J5: 1 | K5: 2 | L5: 1 | M5: 0.95 | N5: 0.329
A6: A3 | B6: JOB-1159 | C6: Live streaming | D6: honeybaby | E6: Content & Media | F6: 28000 | G6: Bekasi | H6: 22 | I6: Onsite | J6: 0.3 | K6: 1.3333 | L6: 0.4 | M6: 0.65 | N6: 0.0457
A7: A4 | B7: JOB-1038 | C7: SAT Tutor (Remote) | D7: Kobi Education | E7: Education & Tutoring | F7: 50000 | G7: Remote | H7: 14 | I7: Remote | J7: 1 | K7: 2 | L7: 1 | M7: 0.95 | N7: 0.288
A8: A5 | B8: JOB-1234 | C8: Graphic Designer | D8: MING CHA | E8: Design & Creative | F8: 38000 | G8: Remote | H8: 22 | I8: Remote | J8: 0.3 | K8: 1.8095 | L8: 1 | M8: 0.65 | N8: 0
A9: A6 | B9: JOB-1233 | C9: Mandarin Translator (Part Time) | D9: PT. Qingsong Business Indonesia | E9: Education & Tutoring | F9: 45000 | G9: Remote | H9: 16 | I9: Remote | J9: 1 | K9: 2 | L9: 1 | M9: 0.95 | N9: 0.0566
A10: A7 | B10: JOB-1095 | C10: Asisten Operasi Penjualan | D10: Alzaidanmotor | E10: Admin & Office Support | F10: 25000 | G10: Depok | H10: 18 | I10: Onsite | J10: 0.3 | K10: 1.1905 | L10: 0.4 | M10: 0.85 | N10: 0.7528
A11: A8 | B11: JOB-1351 | C11: Guru Mandarin HSK 5 | D11: Mitra Perusahaan Loker.id | E11: Education & Tutoring | F11: 42000 | G11: Jakarta Barat | H11: 16 | I11: Hybrid | J11: 1 | K11: 2 | L11: 0.8 | M11: 0.95 | N11: 0.7528
A12: A9 | B12: JOB-1193 | C12: Marketplace Customer Service (Part-Time & Remote) | D12: PT RAMA PUTRA DJAYA | E12: Customer Service & Support | F12: 35000 | G12: Remote | H12: 18 | I12: Remote | J12: 0.3 | K12: 1.6667 | L12: 1 | M12: 0.85 | N12: 0.0402
A13: A10 | B13: JOB-1166 | C13: Mandarin Tutor | D13: CV. Matahari Pranata Kreatif (Taeyang Kulture) | E13: Education & Tutoring | F13: 40000 | G13: Remote | H13: 14 | I13: Remote | J13: 1 | K13: 1.9048 | L13: 1 | M13: 0.95 | N13: 0.288
A14: A11 | B14: JOB-1167 | C14: Chief Creative Officer (CCO) | D14: PT Global Platform Group | E14: Design & Creative | F14: 25000 | G14: Tangerang Selatan | H14: 20 | I14: Hybrid | J14: 0.3 | K14: 1.1905 | L14: 0.4 | M14: 0.75 | N14: 0
A15: A12 | B15: JOB-1157 | C15: Guru Robotic Dan AI ( Artificial Intelligence ) | D15: Coding Academy Indonesia | E15: Education & Tutoring | F15: 38000 | G15: Remote | H15: 14 | I15: Remote | J15: 1 | K15: 1.8095 | L15: 1 | M15: 0.95 | N15: 0.329
... A18: A15 | B18: JOB-1196 | C18: Guru Bahasa Inggris Online - Part Time | D18: PT Gapai Cita Rahardjo | E18: Education & Tutoring | F18: 38000 | G18: Remote | H18: 14 | I18: Remote | J18: 1 | K18: 1.8095 | L18: 1 | M18: 0.95 | N18: 0.288
A19: Tipe ⇐ 01_KRITERIA | J19: ='01_KRITERIA'!D4 | K19: ='01_KRITERIA'!D5 | L19: ='01_KRITERIA'!D6 | M19: ='01_KRITERIA'!D7 | N19: ='01_KRITERIA'!D8
A20: Bobot ⇐ 01_KRITERIA | J20: ='01_KRITERIA'!F4 | K20: ='01_KRITERIA'!F5 | L20: ='01_KRITERIA'!F6 | M20: ='01_KRITERIA'!F7 | N20: ='01_KRITERIA'!F8
A21: MAX | J21: =MAX(J4:J18) | K21: =MAX(K4:K18) | L21: =MAX(L4:L18) | M21: =MAX(M4:M18) | N21: =MAX(N4:N18)
A22: MIN | J22: =MIN(J4:J18) | K22: =MIN(K4:K18) | L22: =MIN(L4:L18) | M22: =MIN(M4:M18) | N22: =MIN(N4:N18)
A23: RATA2 | J23: =AVERAGE(J4:J18) | K23: =AVERAGE(K4:K18) | L23: =AVERAGE(L4:L18) | M23: =AVERAGE(M4:M18) | N23: =AVERAGE(N4:N18)
A24: RANGE (MAX−MIN) | J24: =J21-J22 | K24: =K21-K22 | L24: =L21-L22 | M24: =M21-M22 | N24: =N21-N22
A25: Cek range nol? | J25: =IF(J24=0,"MAX=MIN→u=1","OK") | K25: =IF(K24=0,"MAX=MIN→u=1","OK") | L25: =IF(L24=0,"MAX=MIN→u=1","OK") | M25: =IF(M24=0,"MAX=MIN→u=1","OK") | N25: =IF(N24=0,"MAX=MIN→u=1","OK")

Sheet 04_SMARTER
A1: 04 — UTILITY + NILAI SMARTER + RANKING (semua rumus live)
A2: Utility = IF(Tipe Benefit/Cost) + IFERROR • Nilai = SUMPRODUCT • Rank = RANK.EQ • Judul = VLOOKUP, Perusahaan = INDEX-MATCH
A3: Kode | B3: Job ID | C3: Judul (VLOOKUP ⤵) | D3: Perusahaan (INDEX-MATCH ⤵) | E3: u_C1 | F3: u_C2 | G3: u_C3 | H3: u_C4 | I3: u_C5 | J3: Nilai SMARTER | K3: Rank | L3: Rank Unik | M3: Rank Global | N3: Status | P3: Rank (bantu) | Q3: Judul (bantu) | R3: Nilai (bantu)
A4: ='03_ALTERNATIF'!A4 | B4: ='03_ALTERNATIF'!B4 | C4: =VLOOKUP($B4,'03_ALTERNATIF'!$B$4:$C$18,2,FALSE) | D4: =INDEX('03_ALTERNATIF'!$D$4:$D$18,MATCH($B4,'03_ALTERNATIF'!$B$4:$B$18,0)) | E4: =IFERROR(IF('03_ALTERNATIF'!$J$19="Benefit",('03_ALTERNATIF'!J4-'03_ALTERNATIF'!$J$22)/('03_ALTERNATIF'!$J$21-'03_ALTERNATIF'!$J$22),('03_ALTERNATIF'!$J$21-'03_ALTERNATIF'!J4)/('03_ALTERNATIF'!$J$21-'03_ALTERNATIF'!$J$22)),1) | F4: =IFERROR(IF('03_ALTERNATIF'!$K$19="Benefit",('03_ALTERNATIF'!K4-'03_ALTERNATIF'!$K$22)/('03_ALTERNATIF'!$K$21-'03_ALTERNATIF'!$K$22),('03_ALTERNATIF'!$K$21-'03_ALTERNATIF'!K4)/('03_ALTERNATIF'!$K$21-'03_ALTERNATIF'!$K$22)),1) | G4: =IFERROR(IF('03_ALTERNATIF'!$L$19="Benefit",('03_ALTERNATIF'!L4-'03_ALTERNATIF'!$L$22)/('03_ALTERNATIF'!$L$21-'03_ALTERNATIF'!$L$22),('03_ALTERNATIF'!$L$21-'03_ALTERNATIF'!L4)/('03_ALTERNATIF'!$L$21-'03_ALTERNATIF'!$L$22)),1) | H4: =IFERROR(IF('03_ALTERNATIF'!$M$19="Benefit",('03_ALTERNATIF'!M4-'03_ALTERNATIF'!$M$22)/('03_ALTERNATIF'!$M$21-'03_ALTERNATIF'!$M$22),('03_ALTERNATIF'!$M$21-'03_ALTERNATIF'!M4)/('03_ALTERNATIF'!$M$21-'03_ALTERNATIF'!$M$22)),1) | I4: =IFERROR(IF('03_ALTERNATIF'!$N$19="Benefit",('03_ALTERNATIF'!N4-'03_ALTERNATIF'!$N$22)/('03_ALTERNATIF'!$N$21-'03_ALTERNATIF'!$N$22),('03_ALTERNATIF'!$N$21-'03_ALTERNATIF'!N4)/('03_ALTERNATIF'!$N$21-'03_ALTERNATIF'!$N$22)),1) | J4: =SUMPRODUCT($E4:$I4,'03_ALTERNATIF'!$J$20:$N$20) | K4: =RANK.EQ($J4,$J$4:$J$18,0) | L4: =K4+COUNTIF($J$4:$J4,$J4)-1 | M4: =VLOOKUP($B4,'05_ARSIP_221'!$A$4:$N$224,14,FALSE) | N4: =IF($K4<=3,"★ Rekomendasi",IF($K4<=5,"○ Cadangan","—")) | P4: =K4 | Q4: =C4 | R4: =J4
A5: ='03_ALTERNATIF'!A5 | B5: ='03_ALTERNATIF'!B5 | C5: =VLOOKUP($B5,'03_ALTERNATIF'!$B$4:$C$18,2,FALSE) | D5: =INDEX('03_ALTERNATIF'!$D$4:$D$18,MATCH($B5,'03_ALTERNATIF'!$B$4:$B$18,0)) | E5: =IFERROR(IF('03_ALTERNATIF'!$J$19="Benefit",('03_ALTERNATIF'!J5-'03_ALTERNATIF'!$J$22)/('03_ALTERNATIF'!$J$21-'03_ALTERNATIF'!$J$22),('03_ALTERNATIF'!$J$21-'03_ALTERNATIF'!J5)/('03_ALTERNATIF'!$J$21-'03_ALTERNATIF'!$J$22)),1) | F5: =IFERROR(IF('03_ALTERNATIF'!$K$19="Benefit",('03_ALTERNATIF'!K5-'03_ALTERNATIF'!$K$22)/('03_ALTERNATIF'!$K$21-'03_ALTERNATIF'!$K$22),('03_ALTERNATIF'!$K$21-'03_ALTERNATIF'!K5)/('03_ALTERNATIF'!$K$21-'03_ALTERNATIF'!$K$22)),1) | G5: =IFERROR(IF('03_ALTERNATIF'!$L$19="Benefit",('03_ALTERNATIF'!L5-'03_ALTERNATIF'!$L$22)/('03_ALTERNATIF'!$L$21-'03_ALTERNATIF'!$L$22),('03_ALTERNATIF'!$L$21-'03_ALTERNATIF'!L5)/('03_ALTERNATIF'!$L$21-'03_ALTERNATIF'!$L$22)),1) | H5: =IFERROR(IF('03_ALTERNATIF'!$M$19="Benefit",('03_ALTERNATIF'!M5-'03_ALTERNATIF'!$M$22)/('03_ALTERNATIF'!$M$21-'03_ALTERNATIF'!$M$22),('03_ALTERNATIF'!$M$21-'03_ALTERNATIF'!M5)/('03_ALTERNATIF'!$M$21-'03_ALTERNATIF'!$M$22)),1) | I5: =IFERROR(IF('03_ALTERNATIF'!$N$19="Benefit",('03_ALTERNATIF'!N5-'03_ALTERNATIF'!$N$22)/('03_ALTERNATIF'!$N$21-'03_ALTERNATIF'!$N$22),('03_ALTERNATIF'!$N$21-'03_ALTERNATIF'!N5)/('03_ALTERNATIF'!$N$21-'03_ALTERNATIF'!$N$22)),1) | J5: =SUMPRODUCT($E5:$I5,'03_ALTERNATIF'!$J$20:$N$20) | K5: =RANK.EQ($J5,$J$4:$J$18,0) | L5: =K5+COUNTIF($J$4:$J5,$J5)-1 | M5: =VLOOKUP($B5,'05_ARSIP_221'!$A$4:$N$224,14,FALSE) | N5: =IF($K5<=3,"★ Rekomendasi",IF($K5<=5,"○ Cadangan","—")) | P5: =K5 | Q5: =C5 | R5: =J5
A6: ='03_ALTERNATIF'!A6 | B6: ='03_ALTERNATIF'!B6 | C6: =VLOOKUP($B6,'03_ALTERNATIF'!$B$4:$C$18,2,FALSE) | D6: =INDEX('03_ALTERNATIF'!$D$4:$D$18,MATCH($B6,'03_ALTERNATIF'!$B$4:$B$18,0)) | E6: =IFERROR(IF('03_ALTERNATIF'!$J$19="Benefit",('03_ALTERNATIF'!J6-'03_ALTERNATIF'!$J$22)/('03_ALTERNATIF'!$J$21-'03_ALTERNATIF'!$J$22),('03_ALTERNATIF'!$J$21-'03_ALTERNATIF'!J6)/('03_ALTERNATIF'!$J$21-'03_ALTERNATIF'!$J$22)),1) | F6: =IFERROR(IF('03_ALTERNATIF'!$K$19="Benefit",('03_ALTERNATIF'!K6-'03_ALTERNATIF'!$K$22)/('03_ALTERNATIF'!$K$21-'03_ALTERNATIF'!$K$22),('03_ALTERNATIF'!$K$21-'03_ALTERNATIF'!K6)/('03_ALTERNATIF'!$K$21-'03_ALTERNATIF'!$K$22)),1) | G6: =IFERROR(IF('03_ALTERNATIF'!$L$19="Benefit",('03_ALTERNATIF'!L6-'03_ALTERNATIF'!$L$22)/('03_ALTERNATIF'!$L$21-'03_ALTERNATIF'!$L$22),('03_ALTERNATIF'!$L$21-'03_ALTERNATIF'!L6)/('03_ALTERNATIF'!$L$21-'03_ALTERNATIF'!$L$22)),1) | H6: =IFERROR(IF('03_ALTERNATIF'!$M$19="Benefit",('03_ALTERNATIF'!M6-'03_ALTERNATIF'!$M$22)/('03_ALTERNATIF'!$M$21-'03_ALTERNATIF'!$M$22),('03_ALTERNATIF'!$M$21-'03_ALTERNATIF'!M6)/('03_ALTERNATIF'!$M$21-'03_ALTERNATIF'!$M$22)),1) | I6: =IFERROR(IF('03_ALTERNATIF'!$N$19="Benefit",('03_ALTERNATIF'!N6-'03_ALTERNATIF'!$N$22)/('03_ALTERNATIF'!$N$21-'03_ALTERNATIF'!$N$22),('03_ALTERNATIF'!$N$21-'03_ALTERNATIF'!N6)/('03_ALTERNATIF'!$N$21-'03_ALTERNATIF'!$N$22)),1) | J6: =SUMPRODUCT($E6:$I6,'03_ALTERNATIF'!$J$20:$N$20) | K6: =RANK.EQ($J6,$J$4:$J$18,0) | L6: =K6+COUNTIF($J$4:$J6,$J6)-1 | M6: =VLOOKUP($B6,'05_ARSIP_221'!$A$4:$N$224,14,FALSE) | N6: =IF($K6<=3,"★ Rekomendasi",IF($K6<=5,"○ Cadangan","—")) | P6: =K6 | Q6: =C6 | R6: =J6
A7: ='03_ALTERNATIF'!A7 | B7: ='03_ALTERNATIF'!B7 | C7: =VLOOKUP($B7,'03_ALTERNATIF'!$B$4:$C$18,2,FALSE) | D7: =INDEX('03_ALTERNATIF'!$D$4:$D$18,MATCH($B7,'03_ALTERNATIF'!$B$4:$B$18,0)) | E7: =IFERROR(IF('03_ALTERNATIF'!$J$19="Benefit",('03_ALTERNATIF'!J7-'03_ALTERNATIF'!$J$22)/('03_ALTERNATIF'!$J$21-'03_ALTERNATIF'!$J$22),('03_ALTERNATIF'!$J$21-'03_ALTERNATIF'!J7)/('03_ALTERNATIF'!$J$21-'03_ALTERNATIF'!$J$22)),1) | F7: =IFERROR(IF('03_ALTERNATIF'!$K$19="Benefit",('03_ALTERNATIF'!K7-'03_ALTERNATIF'!$K$22)/('03_ALTERNATIF'!$K$21-'03_ALTERNATIF'!$K$22),('03_ALTERNATIF'!$K$21-'03_ALTERNATIF'!K7)/('03_ALTERNATIF'!$K$21-'03_ALTERNATIF'!$K$22)),1) | G7: =IFERROR(IF('03_ALTERNATIF'!$L$19="Benefit",('03_ALTERNATIF'!L7-'03_ALTERNATIF'!$L$22)/('03_ALTERNATIF'!$L$21-'03_ALTERNATIF'!$L$22),('03_ALTERNATIF'!$L$21-'03_ALTERNATIF'!L7)/('03_ALTERNATIF'!$L$21-'03_ALTERNATIF'!$L$22)),1) | H7: =IFERROR(IF('03_ALTERNATIF'!$M$19="Benefit",('03_ALTERNATIF'!M7-'03_ALTERNATIF'!$M$22)/('03_ALTERNATIF'!$M$21-'03_ALTERNATIF'!$M$22),('03_ALTERNATIF'!$M$21-'03_ALTERNATIF'!M7)/('03_ALTERNATIF'!$M$21-'03_ALTERNATIF'!$M$22)),1) | I7: =IFERROR(IF('03_ALTERNATIF'!$N$19="Benefit",('03_ALTERNATIF'!N7-'03_ALTERNATIF'!$N$22)/('03_ALTERNATIF'!$N$21-'03_ALTERNATIF'!$N$22),('03_ALTERNATIF'!$N$21-'03_ALTERNATIF'!N7)/('03_ALTERNATIF'!$N$21-'03_ALTERNATIF'!$N$22)),1) | J7: =SUMPRODUCT($E7:$I7,'03_ALTERNATIF'!$J$20:$N$20) | K7: =RANK.EQ($J7,$J$4:$J$18,0) | L7: =K7+COUNTIF($J$4:$J7,$J7)-1 | M7: =VLOOKUP($B7,'05_ARSIP_221'!$A$4:$N$224,14,FALSE) | N7: =IF($K7<=3,"★ Rekomendasi",IF($K7<=5,"○ Cadangan","—")) | P7: =K7 | Q7: =C7 | R7: =J7
A8: ='03_ALTERNATIF'!A8 | B8: ='03_ALTERNATIF'!B8 | C8: =VLOOKUP($B8,'03_ALTERNATIF'!$B$4:$C$18,2,FALSE) | D8: =INDEX('03_ALTERNATIF'!$D$4:$D$18,MATCH($B8,'03_ALTERNATIF'!$B$4:$B$18,0)) | E8: =IFERROR(IF('03_ALTERNATIF'!$J$19="Benefit",('03_ALTERNATIF'!J8-'03_ALTERNATIF'!$J$22)/('03_ALTERNATIF'!$J$21-'03_ALTERNATIF'!$J$22),('03_ALTERNATIF'!$J$21-'03_ALTERNATIF'!J8)/('03_ALTERNATIF'!$J$21-'03_ALTERNATIF'!$J$22)),1) | F8: =IFERROR(IF('03_ALTERNATIF'!$K$19="Benefit",('03_ALTERNATIF'!K8-'03_ALTERNATIF'!$K$22)/('03_ALTERNATIF'!$K$21-'03_ALTERNATIF'!$K$22),('03_ALTERNATIF'!$K$21-'03_ALTERNATIF'!K8)/('03_ALTERNATIF'!$K$21-'03_ALTERNATIF'!$K$22)),1) | G8: =IFERROR(IF('03_ALTERNATIF'!$L$19="Benefit",('03_ALTERNATIF'!L8-'03_ALTERNATIF'!$L$22)/('03_ALTERNATIF'!$L$21-'03_ALTERNATIF'!$L$22),('03_ALTERNATIF'!$L$21-'03_ALTERNATIF'!L8)/('03_ALTERNATIF'!$L$21-'03_ALTERNATIF'!$L$22)),1) | H8: =IFERROR(IF('03_ALTERNATIF'!$M$19="Benefit",('03_ALTERNATIF'!M8-'03_ALTERNATIF'!$M$22)/('03_ALTERNATIF'!$M$21-'03_ALTERNATIF'!$M$22),('03_ALTERNATIF'!$M$21-'03_ALTERNATIF'!M8)/('03_ALTERNATIF'!$M$21-'03_ALTERNATIF'!$M$22)),1) | I8: =IFERROR(IF('03_ALTERNATIF'!$N$19="Benefit",('03_ALTERNATIF'!N8-'03_ALTERNATIF'!$N$22)/('03_ALTERNATIF'!$N$21-'03_ALTERNATIF'!$N$22),('03_ALTERNATIF'!$N$21-'03_ALTERNATIF'!N8)/('03_ALTERNATIF'!$N$21-'03_ALTERNATIF'!$N$22)),1) | J8: =SUMPRODUCT($E8:$I8,'03_ALTERNATIF'!$J$20:$N$20) | K8: =RANK.EQ($J8,$J$4:$J$18,0) | L8: =K8+COUNTIF($J$4:$J8,$J8)-1 | M8: =VLOOKUP($B8,'05_ARSIP_221'!$A$4:$N$224,14,FALSE) | N8: =IF($K8<=3,"★ Rekomendasi",IF($K8<=5,"○ Cadangan","—")) | P8: =K8 | Q8: =C8 | R8: =J8
A9: ='03_ALTERNATIF'!A9 | B9: ='03_ALTERNATIF'!B9 | C9: =VLOOKUP($B9,'03_ALTERNATIF'!$B$4:$C$18,2,FALSE) | D9: =INDEX('03_ALTERNATIF'!$D$4:$D$18,MATCH($B9,'03_ALTERNATIF'!$B$4:$B$18,0)) | E9: =IFERROR(IF('03_ALTERNATIF'!$J$19="Benefit",('03_ALTERNATIF'!J9-'03_ALTERNATIF'!$J$22)/('03_ALTERNATIF'!$J$21-'03_ALTERNATIF'!$J$22),('03_ALTERNATIF'!$J$21-'03_ALTERNATIF'!J9)/('03_ALTERNATIF'!$J$21-'03_ALTERNATIF'!$J$22)),1) | F9: =IFERROR(IF('03_ALTERNATIF'!$K$19="Benefit",('03_ALTERNATIF'!K9-'03_ALTERNATIF'!$K$22)/('03_ALTERNATIF'!$K$21-'03_ALTERNATIF'!$K$22),('03_ALTERNATIF'!$K$21-'03_ALTERNATIF'!K9)/('03_ALTERNATIF'!$K$21-'03_ALTERNATIF'!$K$22)),1) | G9: =IFERROR(IF('03_ALTERNATIF'!$L$19="Benefit",('03_ALTERNATIF'!L9-'03_ALTERNATIF'!$L$22)/('03_ALTERNATIF'!$L$21-'03_ALTERNATIF'!$L$22),('03_ALTERNATIF'!$L$21-'03_ALTERNATIF'!L9)/('03_ALTERNATIF'!$L$21-'03_ALTERNATIF'!$L$22)),1) | H9: =IFERROR(IF('03_ALTERNATIF'!$M$19="Benefit",('03_ALTERNATIF'!M9-'03_ALTERNATIF'!$M$22)/('03_ALTERNATIF'!$M$21-'03_ALTERNATIF'!$M$22),('03_ALTERNATIF'!$M$21-'03_ALTERNATIF'!M9)/('03_ALTERNATIF'!$M$21-'03_ALTERNATIF'!$M$22)),1) | I9: =IFERROR(IF('03_ALTERNATIF'!$N$19="Benefit",('03_ALTERNATIF'!N9-'03_ALTERNATIF'!$N$22)/('03_ALTERNATIF'!$N$21-'03_ALTERNATIF'!$N$22),('03_ALTERNATIF'!$N$21-'03_ALTERNATIF'!N9)/('03_ALTERNATIF'!$N$21-'03_ALTERNATIF'!$N$22)),1) | J9: =SUMPRODUCT($E9:$I9,'03_ALTERNATIF'!$J$20:$N$20) | K9: =RANK.EQ($J9,$J$4:$J$18,0) | L9: =K9+COUNTIF($J$4:$J9,$J9)-1 | M9: =VLOOKUP($B9,'05_ARSIP_221'!$A$4:$N$224,14,FALSE) | N9: =IF($K9<=3,"★ Rekomendasi",IF($K9<=5,"○ Cadangan","—")) | P9: =K9 | Q9: =C9 | R9: =J9
A10: ='03_ALTERNATIF'!A10 | B10: ='03_ALTERNATIF'!B10 | C10: =VLOOKUP($B10,'03_ALTERNATIF'!$B$4:$C$18,2,FALSE) | D10: =INDEX('03_ALTERNATIF'!$D$4:$D$18,MATCH($B10,'03_ALTERNATIF'!$B$4:$B$18,0)) | E10: =IFERROR(IF('03_ALTERNATIF'!$J$19="Benefit",('03_ALTERNATIF'!J10-'03_ALTERNATIF'!$J$22)/('03_ALTERNATIF'!$J$21-'03_ALTERNATIF'!$J$22),('03_ALTERNATIF'!$J$21-'03_ALTERNATIF'!J10)/('03_ALTERNATIF'!$J$21-'03_ALTERNATIF'!$J$22)),1) | F10: =IFERROR(IF('03_ALTERNATIF'!$K$19="Benefit",('03_ALTERNATIF'!K10-'03_ALTERNATIF'!$K$22)/('03_ALTERNATIF'!$K$21-'03_ALTERNATIF'!$K$22),('03_ALTERNATIF'!$K$21-'03_ALTERNATIF'!K10)/('03_ALTERNATIF'!$K$21-'03_ALTERNATIF'!$K$22)),1) | G10: =IFERROR(IF('03_ALTERNATIF'!$L$19="Benefit",('03_ALTERNATIF'!L10-'03_ALTERNATIF'!$L$22)/('03_ALTERNATIF'!$L$21-'03_ALTERNATIF'!$L$22),('03_ALTERNATIF'!$L$21-'03_ALTERNATIF'!L10)/('03_ALTERNATIF'!$L$21-'03_ALTERNATIF'!$L$22)),1) | H10: =IFERROR(IF('03_ALTERNATIF'!$M$19="Benefit",('03_ALTERNATIF'!M10-'03_ALTERNATIF'!$M$22)/('03_ALTERNATIF'!$M$21-'03_ALTERNATIF'!$M$22),('03_ALTERNATIF'!$M$21-'03_ALTERNATIF'!M10)/('03_ALTERNATIF'!$M$21-'03_ALTERNATIF'!$M$22)),1) | I10: =IFERROR(IF('03_ALTERNATIF'!$N$19="Benefit",('03_ALTERNATIF'!N10-'03_ALTERNATIF'!$N$22)/('03_ALTERNATIF'!$N$21-'03_ALTERNATIF'!$N$22),('03_ALTERNATIF'!$N$21-'03_ALTERNATIF'!N10)/('03_ALTERNATIF'!$N$21-'03_ALTERNATIF'!$N$22)),1) | J10: =SUMPRODUCT($E10:$I10,'03_ALTERNATIF'!$J$20:$N$20) | K10: =RANK.EQ($J10,$J$4:$J$18,0) | L10: =K10+COUNTIF($J$4:$J10,$J10)-1 | M10: =VLOOKUP($B10,'05_ARSIP_221'!$A$4:$N$224,14,FALSE) | N10: =IF($K10<=3,"★ Rekomendasi",IF($K10<=5,"○ Cadangan","—")) | P10: =K10 | Q10: =C10 | R10: =J10
A11: ='03_ALTERNATIF'!A11 | B11: ='03_ALTERNATIF'!B11 | C11: =VLOOKUP($B11,'03_ALTERNATIF'!$B$4:$C$18,2,FALSE) | D11: =INDEX('03_ALTERNATIF'!$D$4:$D$18,MATCH($B11,'03_ALTERNATIF'!$B$4:$B$18,0)) | E11: =IFERROR(IF('03_ALTERNATIF'!$J$19="Benefit",('03_ALTERNATIF'!J11-'03_ALTERNATIF'!$J$22)/('03_ALTERNATIF'!$J$21-'03_ALTERNATIF'!$J$22),('03_ALTERNATIF'!$J$21-'03_ALTERNATIF'!J11)/('03_ALTERNATIF'!$J$21-'03_ALTERNATIF'!$J$22)),1) | F11: =IFERROR(IF('03_ALTERNATIF'!$K$19="Benefit",('03_ALTERNATIF'!K11-'03_ALTERNATIF'!$K$22)/('03_ALTERNATIF'!$K$21-'03_ALTERNATIF'!$K$22),('03_ALTERNATIF'!$K$21-'03_ALTERNATIF'!K11)/('03_ALTERNATIF'!$K$21-'03_ALTERNATIF'!$K$22)),1) | G11: =IFERROR(IF('03_ALTERNATIF'!$L$19="Benefit",('03_ALTERNATIF'!L11-'03_ALTERNATIF'!$L$22)/('03_ALTERNATIF'!$L$21-'03_ALTERNATIF'!$L$22),('03_ALTERNATIF'!$L$21-'03_ALTERNATIF'!L11)/('03_ALTERNATIF'!$L$21-'03_ALTERNATIF'!$L$22)),1) | H11: =IFERROR(IF('03_ALTERNATIF'!$M$19="Benefit",('03_ALTERNATIF'!M11-'03_ALTERNATIF'!$M$22)/('03_ALTERNATIF'!$M$21-'03_ALTERNATIF'!$M$22),('03_ALTERNATIF'!$M$21-'03_ALTERNATIF'!M11)/('03_ALTERNATIF'!$M$21-'03_ALTERNATIF'!$M$22)),1) | I11: =IFERROR(IF('03_ALTERNATIF'!$N$19="Benefit",('03_ALTERNATIF'!N11-'03_ALTERNATIF'!$N$22)/('03_ALTERNATIF'!$N$21-'03_ALTERNATIF'!$N$22),('03_ALTERNATIF'!$N$21-'03_ALTERNATIF'!N11)/('03_ALTERNATIF'!$N$21-'03_ALTERNATIF'!$N$22)),1) | J11: =SUMPRODUCT($E11:$I11,'03_ALTERNATIF'!$J$20:$N$20) | K11: =RANK.EQ($J11,$J$4:$J$18,0) | L11: =K11+COUNTIF($J$4:$J11,$J11)-1 | M11: =VLOOKUP($B11,'05_ARSIP_221'!$A$4:$N$224,14,FALSE) | N11: =IF($K11<=3,"★ Rekomendasi",IF($K11<=5,"○ Cadangan","—")) | P11: =K11 | Q11: =C11 | R11: =J11
A12: ='03_ALTERNATIF'!A12 | B12: ='03_ALTERNATIF'!B12 | C12: =VLOOKUP($B12,'03_ALTERNATIF'!$B$4:$C$18,2,FALSE) | D12: =INDEX('03_ALTERNATIF'!$D$4:$D$18,MATCH($B12,'03_ALTERNATIF'!$B$4:$B$18,0)) | E12: =IFERROR(IF('03_ALTERNATIF'!$J$19="Benefit",('03_ALTERNATIF'!J12-'03_ALTERNATIF'!$J$22)/('03_ALTERNATIF'!$J$21-'03_ALTERNATIF'!$J$22),('03_ALTERNATIF'!$J$21-'03_ALTERNATIF'!J12)/('03_ALTERNATIF'!$J$21-'03_ALTERNATIF'!$J$22)),1) | F12: =IFERROR(IF('03_ALTERNATIF'!$K$19="Benefit",('03_ALTERNATIF'!K12-'03_ALTERNATIF'!$K$22)/('03_ALTERNATIF'!$K$21-'03_ALTERNATIF'!$K$22),('03_ALTERNATIF'!$K$21-'03_ALTERNATIF'!K12)/('03_ALTERNATIF'!$K$21-'03_ALTERNATIF'!$K$22)),1) | G12: =IFERROR(IF('03_ALTERNATIF'!$L$19="Benefit",('03_ALTERNATIF'!L12-'03_ALTERNATIF'!$L$22)/('03_ALTERNATIF'!$L$21-'03_ALTERNATIF'!$L$22),('03_ALTERNATIF'!$L$21-'03_ALTERNATIF'!L12)/('03_ALTERNATIF'!$L$21-'03_ALTERNATIF'!$L$22)),1) | H12: =IFERROR(IF('03_ALTERNATIF'!$M$19="Benefit",('03_ALTERNATIF'!M12-'03_ALTERNATIF'!$M$22)/('03_ALTERNATIF'!$M$21-'03_ALTERNATIF'!$M$22),('03_ALTERNATIF'!$M$21-'03_ALTERNATIF'!M12)/('03_ALTERNATIF'!$M$21-'03_ALTERNATIF'!$M$22)),1) | I12: =IFERROR(IF('03_ALTERNATIF'!$N$19="Benefit",('03_ALTERNATIF'!N12-'03_ALTERNATIF'!$N$22)/('03_ALTERNATIF'!$N$21-'03_ALTERNATIF'!$N$22),('03_ALTERNATIF'!$N$21-'03_ALTERNATIF'!N12)/('03_ALTERNATIF'!$N$21-'03_ALTERNATIF'!$N$22)),1) | J12: =SUMPRODUCT($E12:$I12,'03_ALTERNATIF'!$J$20:$N$20) | K12: =RANK.EQ($J12,$J$4:$J$18,0) | L12: =K12+COUNTIF($J$4:$J12,$J12)-1 | M12: =VLOOKUP($B12,'05_ARSIP_221'!$A$4:$N$224,14,FALSE) | N12: =IF($K12<=3,"★ Rekomendasi",IF($K12<=5,"○ Cadangan","—")) | P12: =K12 | Q12: =C12 | R12: =J12
A13: ='03_ALTERNATIF'!A13 | B13: ='03_ALTERNATIF'!B13 | C13: =VLOOKUP($B13,'03_ALTERNATIF'!$B$4:$C$18,2,FALSE) | D13: =INDEX('03_ALTERNATIF'!$D$4:$D$18,MATCH($B13,'03_ALTERNATIF'!$B$4:$B$18,0)) | E13: =IFERROR(IF('03_ALTERNATIF'!$J$19="Benefit",('03_ALTERNATIF'!J13-'03_ALTERNATIF'!$J$22)/('03_ALTERNATIF'!$J$21-'03_ALTERNATIF'!$J$22),('03_ALTERNATIF'!$J$21-'03_ALTERNATIF'!J13)/('03_ALTERNATIF'!$J$21-'03_ALTERNATIF'!$J$22)),1) | F13: =IFERROR(IF('03_ALTERNATIF'!$K$19="Benefit",('03_ALTERNATIF'!K13-'03_ALTERNATIF'!$K$22)/('03_ALTERNATIF'!$K$21-'03_ALTERNATIF'!$K$22),('03_ALTERNATIF'!$K$21-'03_ALTERNATIF'!K13)/('03_ALTERNATIF'!$K$21-'03_ALTERNATIF'!$K$22)),1) | G13: =IFERROR(IF('03_ALTERNATIF'!$L$19="Benefit",('03_ALTERNATIF'!L13-'03_ALTERNATIF'!$L$22)/('03_ALTERNATIF'!$L$21-'03_ALTERNATIF'!$L$22),('03_ALTERNATIF'!$L$21-'03_ALTERNATIF'!L13)/('03_ALTERNATIF'!$L$21-'03_ALTERNATIF'!$L$22)),1) | H13: =IFERROR(IF('03_ALTERNATIF'!$M$19="Benefit",('03_ALTERNATIF'!M13-'03_ALTERNATIF'!$M$22)/('03_ALTERNATIF'!$M$21-'03_ALTERNATIF'!$M$22),('03_ALTERNATIF'!$M$21-'03_ALTERNATIF'!M13)/('03_ALTERNATIF'!$M$21-'03_ALTERNATIF'!$M$22)),1) | I13: =IFERROR(IF('03_ALTERNATIF'!$N$19="Benefit",('03_ALTERNATIF'!N13-'03_ALTERNATIF'!$N$22)/('03_ALTERNATIF'!$N$21-'03_ALTERNATIF'!$N$22),('03_ALTERNATIF'!$N$21-'03_ALTERNATIF'!N13)/('03_ALTERNATIF'!$N$21-'03_ALTERNATIF'!$N$22)),1) | J13: =SUMPRODUCT($E13:$I13,'03_ALTERNATIF'!$J$20:$N$20) | K13: =RANK.EQ($J13,$J$4:$J$18,0) | L13: =K13+COUNTIF($J$4:$J13,$J13)-1 | M13: =VLOOKUP($B13,'05_ARSIP_221'!$A$4:$N$224,14,FALSE) | N13: =IF($K13<=3,"★ Rekomendasi",IF($K13<=5,"○ Cadangan","—")) | P13: =K13 | Q13: =C13 | R13: =J13
A14: ='03_ALTERNATIF'!A14 | B14: ='03_ALTERNATIF'!B14 | C14: =VLOOKUP($B14,'03_ALTERNATIF'!$B$4:$C$18,2,FALSE) | D14: =INDEX('03_ALTERNATIF'!$D$4:$D$18,MATCH($B14,'03_ALTERNATIF'!$B$4:$B$18,0)) | E14: =IFERROR(IF('03_ALTERNATIF'!$J$19="Benefit",('03_ALTERNATIF'!J14-'03_ALTERNATIF'!$J$22)/('03_ALTERNATIF'!$J$21-'03_ALTERNATIF'!$J$22),('03_ALTERNATIF'!$J$21-'03_ALTERNATIF'!J14)/('03_ALTERNATIF'!$J$21-'03_ALTERNATIF'!$J$22)),1) | F14: =IFERROR(IF('03_ALTERNATIF'!$K$19="Benefit",('03_ALTERNATIF'!K14-'03_ALTERNATIF'!$K$22)/('03_ALTERNATIF'!$K$21-'03_ALTERNATIF'!$K$22),('03_ALTERNATIF'!$K$21-'03_ALTERNATIF'!K14)/('03_ALTERNATIF'!$K$21-'03_ALTERNATIF'!$K$22)),1) | G14: =IFERROR(IF('03_ALTERNATIF'!$L$19="Benefit",('03_ALTERNATIF'!L14-'03_ALTERNATIF'!$L$22)/('03_ALTERNATIF'!$L$21-'03_ALTERNATIF'!$L$22),('03_ALTERNATIF'!$L$21-'03_ALTERNATIF'!L14)/('03_ALTERNATIF'!$L$21-'03_ALTERNATIF'!$L$22)),1) | H14: =IFERROR(IF('03_ALTERNATIF'!$M$19="Benefit",('03_ALTERNATIF'!M14-'03_ALTERNATIF'!$M$22)/('03_ALTERNATIF'!$M$21-'03_ALTERNATIF'!$M$22),('03_ALTERNATIF'!$M$21-'03_ALTERNATIF'!M14)/('03_ALTERNATIF'!$M$21-'03_ALTERNATIF'!$M$22)),1) | I14: =IFERROR(IF('03_ALTERNATIF'!$N$19="Benefit",('03_ALTERNATIF'!N14-'03_ALTERNATIF'!$N$22)/('03_ALTERNATIF'!$N$21-'03_ALTERNATIF'!$N$22),('03_ALTERNATIF'!$N$21-'03_ALTERNATIF'!N14)/('03_ALTERNATIF'!$N$21-'03_ALTERNATIF'!$N$22)),1) | J14: =SUMPRODUCT($E14:$I14,'03_ALTERNATIF'!$J$20:$N$20) | K14: =RANK.EQ($J14,$J$4:$J$18,0) | L14: =K14+COUNTIF($J$4:$J14,$J14)-1 | M14: =VLOOKUP($B14,'05_ARSIP_221'!$A$4:$N$224,14,FALSE) | N14: =IF($K14<=3,"★ Rekomendasi",IF($K14<=5,"○ Cadangan","—")) | P14: =K14 | Q14: =C14 | R14: =J14
A15: ='03_ALTERNATIF'!A15 | B15: ='03_ALTERNATIF'!B15 | C15: =VLOOKUP($B15,'03_ALTERNATIF'!$B$4:$C$18,2,FALSE) | D15: =INDEX('03_ALTERNATIF'!$D$4:$D$18,MATCH($B15,'03_ALTERNATIF'!$B$4:$B$18,0)) | E15: =IFERROR(IF('03_ALTERNATIF'!$J$19="Benefit",('03_ALTERNATIF'!J15-'03_ALTERNATIF'!$J$22)/('03_ALTERNATIF'!$J$21-'03_ALTERNATIF'!$J$22),('03_ALTERNATIF'!$J$21-'03_ALTERNATIF'!J15)/('03_ALTERNATIF'!$J$21-'03_ALTERNATIF'!$J$22)),1) | F15: =IFERROR(IF('03_ALTERNATIF'!$K$19="Benefit",('03_ALTERNATIF'!K15-'03_ALTERNATIF'!$K$22)/('03_ALTERNATIF'!$K$21-'03_ALTERNATIF'!$K$22),('03_ALTERNATIF'!$K$21-'03_ALTERNATIF'!K15)/('03_ALTERNATIF'!$K$21-'03_ALTERNATIF'!$K$22)),1) | G15: =IFERROR(IF('03_ALTERNATIF'!$L$19="Benefit",('03_ALTERNATIF'!L15-'03_ALTERNATIF'!$L$22)/('03_ALTERNATIF'!$L$21-'03_ALTERNATIF'!$L$22),('03_ALTERNATIF'!$L$21-'03_ALTERNATIF'!L15)/('03_ALTERNATIF'!$L$21-'03_ALTERNATIF'!$L$22)),1) | H15: =IFERROR(IF('03_ALTERNATIF'!$M$19="Benefit",('03_ALTERNATIF'!M15-'03_ALTERNATIF'!$M$22)/('03_ALTERNATIF'!$M$21-'03_ALTERNATIF'!$M$22),('03_ALTERNATIF'!$M$21-'03_ALTERNATIF'!M15)/('03_ALTERNATIF'!$M$21-'03_ALTERNATIF'!$M$22)),1) | I15: =IFERROR(IF('03_ALTERNATIF'!$N$19="Benefit",('03_ALTERNATIF'!N15-'03_ALTERNATIF'!$N$22)/('03_ALTERNATIF'!$N$21-'03_ALTERNATIF'!$N$22),('03_ALTERNATIF'!$N$21-'03_ALTERNATIF'!N15)/('03_ALTERNATIF'!$N$21-'03_ALTERNATIF'!$N$22)),1) | J15: =SUMPRODUCT($E15:$I15,'03_ALTERNATIF'!$J$20:$N$20) | K15: =RANK.EQ($J15,$J$4:$J$18,0) | L15: =K15+COUNTIF($J$4:$J15,$J15)-1 | M15: =VLOOKUP($B15,'05_ARSIP_221'!$A$4:$N$224,14,FALSE) | N15: =IF($K15<=3,"★ Rekomendasi",IF($K15<=5,"○ Cadangan","—")) | P15: =K15 | Q15: =C15 | R15: =J15
... A18: ='03_ALTERNATIF'!A18 | B18: ='03_ALTERNATIF'!B18 | C18: =VLOOKUP($B18,'03_ALTERNATIF'!$B$4:$C$18,2,FALSE) | D18: =INDEX('03_ALTERNATIF'!$D$4:$D$18,MATCH($B18,'03_ALTERNATIF'!$B$4:$B$18,0)) | E18: =IFERROR(IF('03_ALTERNATIF'!$J$19="Benefit",('03_ALTERNATIF'!J18-'03_ALTERNATIF'!$J$22)/('03_ALTERNATIF'!$J$21-'03_ALTERNATIF'!$J$22),('03_ALTERNATIF'!$J$21-'03_ALTERNATIF'!J18)/('03_ALTERNATIF'!$J$21-'03_ALTERNATIF'!$J$22)),1) | F18: =IFERROR(IF('03_ALTERNATIF'!$K$19="Benefit",('03_ALTERNATIF'!K18-'03_ALTERNATIF'!$K$22)/('03_ALTERNATIF'!$K$21-'03_ALTERNATIF'!$K$22),('03_ALTERNATIF'!$K$21-'03_ALTERNATIF'!K18)/('03_ALTERNATIF'!$K$21-'03_ALTERNATIF'!$K$22)),1) | G18: =IFERROR(IF('03_ALTERNATIF'!$L$19="Benefit",('03_ALTERNATIF'!L18-'03_ALTERNATIF'!$L$22)/('03_ALTERNATIF'!$L$21-'03_ALTERNATIF'!$L$22),('03_ALTERNATIF'!$L$21-'03_ALTERNATIF'!L18)/('03_ALTERNATIF'!$L$21-'03_ALTERNATIF'!$L$22)),1) | H18: =IFERROR(IF('03_ALTERNATIF'!$M$19="Benefit",('03_ALTERNATIF'!M18-'03_ALTERNATIF'!$M$22)/('03_ALTERNATIF'!$M$21-'03_ALTERNATIF'!$M$22),('03_ALTERNATIF'!$M$21-'03_ALTERNATIF'!M18)/('03_ALTERNATIF'!$M$21-'03_ALTERNATIF'!$M$22)),1) | I18: =IFERROR(IF('03_ALTERNATIF'!$N$19="Benefit",('03_ALTERNATIF'!N18-'03_ALTERNATIF'!$N$22)/('03_ALTERNATIF'!$N$21-'03_ALTERNATIF'!$N$22),('03_ALTERNATIF'!$N$21-'03_ALTERNATIF'!N18)/('03_ALTERNATIF'!$N$21-'03_ALTERNATIF'!$N$22)),1) | J18: =SUMPRODUCT($E18:$I18,'03_ALTERNATIF'!$J$20:$N$20) | K18: =RANK.EQ($J18,$J$4:$J$18,0) | L18: =K18+COUNTIF($J$4:$J18,$J18)-1 | M18: =VLOOKUP($B18,'05_ARSIP_221'!$A$4:$N$224,14,FALSE) | N18: =IF($K18<=3,"★ Rekomendasi",IF($K18<=5,"○ Cadangan","—")) | P18: =K18 | Q18: =C18 | R18: =J18
A19: STAT | I19: RATA2: | J19: =AVERAGE(J4:J18)
I20: STDEV: | J20: =STDEV(J4:J18) | K20: =COUNTIF(K4:K18,"<=3")&" top-3"
A22: KOTAK LOOKUP PEMENANG — ketik Rank 1–15 di sel kuning C23 (dibuktikan 3 metode: VLOOKUP vs INDEX-MATCH vs XLOOKUP)
B23: Input Rank: | C23: 1
B24: Judul (VLOOKUP): | C24: =VLOOKUP($C$23,$P$4:$Q$18,2,FALSE)
B25: Nilai (VLOOKUP): | C25: =VLOOKUP($C$23,$P$4:$R$18,3,FALSE)
B26: Judul (INDEX-MATCH): | C26: =INDEX($C$4:$C$18,MATCH($C$23,$K$4:$K$18,0))
B27: Nilai (INDEX-MATCH): | C27: =INDEX($J$4:$J$18,MATCH($C$23,$K$4:$K$18,0))
B28: Judul (XLOOKUP): | C28: =XLOOKUP($C$23,$K$4:$K$18,$C$4:$C$18,"tidak ada")
A30: =CONCAT("KESIMPULAN: Rank ",C23," = ",C24," (Nilai ",TEXT(C25,"0.0000"),") — diverifikasi sama via INDEX-MATCH (",C26,")")
A31: CATATAN: Nilai demo memakai MIN/MAX 15 alternatif (lokal) sehingga ≠ nilai global 221. Kolom M (Rank Global via VLOOKUP ke 05_ARSIP_221) jadi pembanding adil. BEDA vs v4: v4 Nilai = (B19*$B$5)+... manual & Rank=RANK; file ini Nilai=SUMPRODUCT & Rank=RANK.EQ+Rank Unik (COUNTIF) + 3 metode lookup + helper P:R.

Sheet 05_ARSIP_221
A1: 05 — ARSIP 221 LOWONGAN (skor & rank GLOBAL, MIN/MAX dari 221)
A2: X statis real utk MHS-R050 • Utility + Nilai + Rank = RUMUS live (ikut bobot 01_KRITERIA) • Kolom N jadi acuan VLOOKUP sheet 04
A3: Job ID | B3: Judul | C3: C1 | D3: C2 | E3: C3 | F3: C4 | G3: C5 | H3: u_C1 | I3: u_C2 | J3: u_C3 | K3: u_C4 | L3: u_C5 | M3: Nilai Global | N3: Rank Global
A4: JOB-1181 | B4: Part Time Guru Ekskul Board Game di sekolah sekitar Tangsel | C4: 1 | D4: 2 | E4: 1 | F4: 0.95 | G4: 0.329 | H4: =IFERROR(IF('03_ALTERNATIF'!$J$19="Benefit",(C4-$C$227)/($C$226-$C$227),($C$226-C4)/($C$226-$C$227)),1) | I4: =IFERROR(IF('03_ALTERNATIF'!$K$19="Benefit",(D4-$D$227)/($D$226-$D$227),($D$226-D4)/($D$226-$D$227)),1) | J4: =IFERROR(IF('03_ALTERNATIF'!$L$19="Benefit",(E4-$E$227)/($E$226-$E$227),($E$226-E4)/($E$226-$E$227)),1) | K4: =IFERROR(IF('03_ALTERNATIF'!$M$19="Benefit",(F4-$F$227)/($F$226-$F$227),($F$226-F4)/($F$226-$F$227)),1) | L4: =IFERROR(IF('03_ALTERNATIF'!$N$19="Benefit",(G4-$G$227)/($G$226-$G$227),($G$226-G4)/($G$226-$G$227)),1) | M4: =SUMPRODUCT($H4:$L4,$H$228:$L$228) | N4: =RANK.EQ($M4,$M$4:$M$224,0)
A5: JOB-1038 | B5: SAT Tutor (Remote) | C5: 1 | D5: 2 | E5: 1 | F5: 0.95 | G5: 0.288 | H5: =IFERROR(IF('03_ALTERNATIF'!$J$19="Benefit",(C5-$C$227)/($C$226-$C$227),($C$226-C5)/($C$226-$C$227)),1) | I5: =IFERROR(IF('03_ALTERNATIF'!$K$19="Benefit",(D5-$D$227)/($D$226-$D$227),($D$226-D5)/($D$226-$D$227)),1) | J5: =IFERROR(IF('03_ALTERNATIF'!$L$19="Benefit",(E5-$E$227)/($E$226-$E$227),($E$226-E5)/($E$226-$E$227)),1) | K5: =IFERROR(IF('03_ALTERNATIF'!$M$19="Benefit",(F5-$F$227)/($F$226-$F$227),($F$226-F5)/($F$226-$F$227)),1) | L5: =IFERROR(IF('03_ALTERNATIF'!$N$19="Benefit",(G5-$G$227)/($G$226-$G$227),($G$226-G5)/($G$226-$G$227)),1) | M5: =SUMPRODUCT($H5:$L5,$H$228:$L$228) | N5: =RANK.EQ($M5,$M$4:$M$224,0)
A6: JOB-1233 | B6: Mandarin Translator (Part Time) | C6: 1 | D6: 2 | E6: 1 | F6: 0.95 | G6: 0.0566 | H6: =IFERROR(IF('03_ALTERNATIF'!$J$19="Benefit",(C6-$C$227)/($C$226-$C$227),($C$226-C6)/($C$226-$C$227)),1) | I6: =IFERROR(IF('03_ALTERNATIF'!$K$19="Benefit",(D6-$D$227)/($D$226-$D$227),($D$226-D6)/($D$226-$D$227)),1) | J6: =IFERROR(IF('03_ALTERNATIF'!$L$19="Benefit",(E6-$E$227)/($E$226-$E$227),($E$226-E6)/($E$226-$E$227)),1) | K6: =IFERROR(IF('03_ALTERNATIF'!$M$19="Benefit",(F6-$F$227)/($F$226-$F$227),($F$226-F6)/($F$226-$F$227)),1) | L6: =IFERROR(IF('03_ALTERNATIF'!$N$19="Benefit",(G6-$G$227)/($G$226-$G$227),($G$226-G6)/($G$226-$G$227)),1) | M6: =SUMPRODUCT($H6:$L6,$H$228:$L$228) | N6: =RANK.EQ($M6,$M$4:$M$224,0)
A7: JOB-1351 | B7: Guru Mandarin HSK 5 | C7: 1 | D7: 2 | E7: 0.8 | F7: 0.95 | G7: 0.7528 | H7: =IFERROR(IF('03_ALTERNATIF'!$J$19="Benefit",(C7-$C$227)/($C$226-$C$227),($C$226-C7)/($C$226-$C$227)),1) | I7: =IFERROR(IF('03_ALTERNATIF'!$K$19="Benefit",(D7-$D$227)/($D$226-$D$227),($D$226-D7)/($D$226-$D$227)),1) | J7: =IFERROR(IF('03_ALTERNATIF'!$L$19="Benefit",(E7-$E$227)/($E$226-$E$227),($E$226-E7)/($E$226-$E$227)),1) | K7: =IFERROR(IF('03_ALTERNATIF'!$M$19="Benefit",(F7-$F$227)/($F$226-$F$227),($F$226-F7)/($F$226-$F$227)),1) | L7: =IFERROR(IF('03_ALTERNATIF'!$N$19="Benefit",(G7-$G$227)/($G$226-$G$227),($G$226-G7)/($G$226-$G$227)),1) | M7: =SUMPRODUCT($H7:$L7,$H$228:$L$228) | N7: =RANK.EQ($M7,$M$4:$M$224,0)
A8: JOB-1166 | B8: Mandarin Tutor | C8: 1 | D8: 1.9048 | E8: 1 | F8: 0.95 | G8: 0.288 | H8: =IFERROR(IF('03_ALTERNATIF'!$J$19="Benefit",(C8-$C$227)/($C$226-$C$227),($C$226-C8)/($C$226-$C$227)),1) | I8: =IFERROR(IF('03_ALTERNATIF'!$K$19="Benefit",(D8-$D$227)/($D$226-$D$227),($D$226-D8)/($D$226-$D$227)),1) | J8: =IFERROR(IF('03_ALTERNATIF'!$L$19="Benefit",(E8-$E$227)/($E$226-$E$227),($E$226-E8)/($E$226-$E$227)),1) | K8: =IFERROR(IF('03_ALTERNATIF'!$M$19="Benefit",(F8-$F$227)/($F$226-$F$227),($F$226-F8)/($F$226-$F$227)),1) | L8: =IFERROR(IF('03_ALTERNATIF'!$N$19="Benefit",(G8-$G$227)/($G$226-$G$227),($G$226-G8)/($G$226-$G$227)),1) | M8: =SUMPRODUCT($H8:$L8,$H$228:$L$228) | N8: =RANK.EQ($M8,$M$4:$M$224,0)
A9: JOB-1157 | B9: Guru Robotic Dan AI ( Artificial Intelligence ) | C9: 1 | D9: 1.8095 | E9: 1 | F9: 0.95 | G9: 0.329 | H9: =IFERROR(IF('03_ALTERNATIF'!$J$19="Benefit",(C9-$C$227)/($C$226-$C$227),($C$226-C9)/($C$226-$C$227)),1) | I9: =IFERROR(IF('03_ALTERNATIF'!$K$19="Benefit",(D9-$D$227)/($D$226-$D$227),($D$226-D9)/($D$226-$D$227)),1) | J9: =IFERROR(IF('03_ALTERNATIF'!$L$19="Benefit",(E9-$E$227)/($E$226-$E$227),($E$226-E9)/($E$226-$E$227)),1) | K9: =IFERROR(IF('03_ALTERNATIF'!$M$19="Benefit",(F9-$F$227)/($F$226-$F$227),($F$226-F9)/($F$226-$F$227)),1) | L9: =IFERROR(IF('03_ALTERNATIF'!$N$19="Benefit",(G9-$G$227)/($G$226-$G$227),($G$226-G9)/($G$226-$G$227)),1) | M9: =SUMPRODUCT($H9:$L9,$H$228:$L$228) | N9: =RANK.EQ($M9,$M$4:$M$224,0)
A10: JOB-1196 | B10: Guru Bahasa Inggris Online - Part Time | C10: 1 | D10: 1.8095 | E10: 1 | F10: 0.95 | G10: 0.288 | H10: =IFERROR(IF('03_ALTERNATIF'!$J$19="Benefit",(C10-$C$227)/($C$226-$C$227),($C$226-C10)/($C$226-$C$227)),1) | I10: =IFERROR(IF('03_ALTERNATIF'!$K$19="Benefit",(D10-$D$227)/($D$226-$D$227),($D$226-D10)/($D$226-$D$227)),1) | J10: =IFERROR(IF('03_ALTERNATIF'!$L$19="Benefit",(E10-$E$227)/($E$226-$E$227),($E$226-E10)/($E$226-$E$227)),1) | K10: =IFERROR(IF('03_ALTERNATIF'!$M$19="Benefit",(F10-$F$227)/($F$226-$F$227),($F$226-F10)/($F$226-$F$227)),1) | L10: =IFERROR(IF('03_ALTERNATIF'!$N$19="Benefit",(G10-$G$227)/($G$226-$G$227),($G$226-G10)/($G$226-$G$227)),1) | M10: =SUMPRODUCT($H10:$L10,$H$228:$L$228) | N10: =RANK.EQ($M10,$M$4:$M$224,0)
A11: JOB-1255 | B11: Japanese Tutor / Pengajar Bahasa Jepang - Jakarta (Part Time) | C11: 1 | D11: 2 | E11: 0.8 | F11: 0.95 | G11: 0.0639 | H11: =IFERROR(IF('03_ALTERNATIF'!$J$19="Benefit",(C11-$C$227)/($C$226-$C$227),($C$226-C11)/($C$226-$C$227)),1) | I11: =IFERROR(IF('03_ALTERNATIF'!$K$19="Benefit",(D11-$D$227)/($D$226-$D$227),($D$226-D11)/($D$226-$D$227)),1) | J11: =IFERROR(IF('03_ALTERNATIF'!$L$19="Benefit",(E11-$E$227)/($E$226-$E$227),($E$226-E11)/($E$226-$E$227)),1) | K11: =IFERROR(IF('03_ALTERNATIF'!$M$19="Benefit",(F11-$F$227)/($F$226-$F$227),($F$226-F11)/($F$226-$F$227)),1) | L11: =IFERROR(IF('03_ALTERNATIF'!$N$19="Benefit",(G11-$G$227)/($G$226-$G$227),($G$226-G11)/($G$226-$G$227)),1) | M11: =SUMPRODUCT($H11:$L11,$H$228:$L$228) | N11: =RANK.EQ($M11,$M$4:$M$224,0)
A12: JOB-1067 | B12: SAT Tutor | C12: 1 | D12: 2 | E12: 0.8 | F12: 0.95 | G12: 0.0566 | H12: =IFERROR(IF('03_ALTERNATIF'!$J$19="Benefit",(C12-$C$227)/($C$226-$C$227),($C$226-C12)/($C$226-$C$227)),1) | I12: =IFERROR(IF('03_ALTERNATIF'!$K$19="Benefit",(D12-$D$227)/($D$226-$D$227),($D$226-D12)/($D$226-$D$227)),1) | J12: =IFERROR(IF('03_ALTERNATIF'!$L$19="Benefit",(E12-$E$227)/($E$226-$E$227),($E$226-E12)/($E$226-$E$227)),1) | K12: =IFERROR(IF('03_ALTERNATIF'!$M$19="Benefit",(F12-$F$227)/($F$226-$F$227),($F$226-F12)/($F$226-$F$227)),1) | L12: =IFERROR(IF('03_ALTERNATIF'!$N$19="Benefit",(G12-$G$227)/($G$226-$G$227),($G$226-G12)/($G$226-$G$227)),1) | M12: =SUMPRODUCT($H12:$L12,$H$228:$L$228) | N12: =RANK.EQ($M12,$M$4:$M$224,0)
A13: JOB-1323 | B13: Sales Force | C13: 1 | D13: 2 | E13: 0.8 | F13: 0.95 | G13: 0.0566 | H13: =IFERROR(IF('03_ALTERNATIF'!$J$19="Benefit",(C13-$C$227)/($C$226-$C$227),($C$226-C13)/($C$226-$C$227)),1) | I13: =IFERROR(IF('03_ALTERNATIF'!$K$19="Benefit",(D13-$D$227)/($D$226-$D$227),($D$226-D13)/($D$226-$D$227)),1) | J13: =IFERROR(IF('03_ALTERNATIF'!$L$19="Benefit",(E13-$E$227)/($E$226-$E$227),($E$226-E13)/($E$226-$E$227)),1) | K13: =IFERROR(IF('03_ALTERNATIF'!$M$19="Benefit",(F13-$F$227)/($F$226-$F$227),($F$226-F13)/($F$226-$F$227)),1) | L13: =IFERROR(IF('03_ALTERNATIF'!$N$19="Benefit",(G13-$G$227)/($G$226-$G$227),($G$226-G13)/($G$226-$G$227)),1) | M13: =SUMPRODUCT($H13:$L13,$H$228:$L$228) | N13: =RANK.EQ($M13,$M$4:$M$224,0)
A14: JOB-1194 | B14: [Part-time] - Pengajar Bahasa Inggris - Jakarta Barat | C14: 1 | D14: 2 | E14: 0.8 | F14: 0.85 | G14: 0.288 | H14: =IFERROR(IF('03_ALTERNATIF'!$J$19="Benefit",(C14-$C$227)/($C$226-$C$227),($C$226-C14)/($C$226-$C$227)),1) | I14: =IFERROR(IF('03_ALTERNATIF'!$K$19="Benefit",(D14-$D$227)/($D$226-$D$227),($D$226-D14)/($D$226-$D$227)),1) | J14: =IFERROR(IF('03_ALTERNATIF'!$L$19="Benefit",(E14-$E$227)/($E$226-$E$227),($E$226-E14)/($E$226-$E$227)),1) | K14: =IFERROR(IF('03_ALTERNATIF'!$M$19="Benefit",(F14-$F$227)/($F$226-$F$227),($F$226-F14)/($F$226-$F$227)),1) | L14: =IFERROR(IF('03_ALTERNATIF'!$N$19="Benefit",(G14-$G$227)/($G$226-$G$227),($G$226-G14)/($G$226-$G$227)),1) | M14: =SUMPRODUCT($H14:$L14,$H$228:$L$228) | N14: =RANK.EQ($M14,$M$4:$M$224,0)
A15: JOB-1106 | B15: Guru Sekolah Dasar | C15: 1 | D15: 1.8095 | E15: 0.8 | F15: 0.95 | G15: 0.288 | H15: =IFERROR(IF('03_ALTERNATIF'!$J$19="Benefit",(C15-$C$227)/($C$226-$C$227),($C$226-C15)/($C$226-$C$227)),1) | I15: =IFERROR(IF('03_ALTERNATIF'!$K$19="Benefit",(D15-$D$227)/($D$226-$D$227),($D$226-D15)/($D$226-$D$227)),1) | J15: =IFERROR(IF('03_ALTERNATIF'!$L$19="Benefit",(E15-$E$227)/($E$226-$E$227),($E$226-E15)/($E$226-$E$227)),1) | K15: =IFERROR(IF('03_ALTERNATIF'!$M$19="Benefit",(F15-$F$227)/($F$226-$F$227),($F$226-F15)/($F$226-$F$227)),1) | L15: =IFERROR(IF('03_ALTERNATIF'!$N$19="Benefit",(G15-$G$227)/($G$226-$G$227),($G$226-G15)/($G$226-$G$227)),1) | M15: =SUMPRODUCT($H15:$L15,$H$228:$L$228) | N15: =RANK.EQ($M15,$M$4:$M$224,0)
... A224: JOB-1167 | B224: Chief Creative Officer (CCO) | C224: 0.3 | D224: 1.1905 | E224: 0.4 | F224: 0.75 | G224: 0 | H224: =IFERROR(IF('03_ALTERNATIF'!$J$19="Benefit",(C224-$C$227)/($C$226-$C$227),($C$226-C224)/($C$226-$C$227)),1) | I224: =IFERROR(IF('03_ALTERNATIF'!$K$19="Benefit",(D224-$D$227)/($D$226-$D$227),($D$226-D224)/($D$226-$D$227)),1) | J224: =IFERROR(IF('03_ALTERNATIF'!$L$19="Benefit",(E224-$E$227)/($E$226-$E$227),($E$226-E224)/($E$226-$E$227)),1) | K224: =IFERROR(IF('03_ALTERNATIF'!$M$19="Benefit",(F224-$F$227)/($F$226-$F$227),($F$226-F224)/($F$226-$F$227)),1) | L224: =IFERROR(IF('03_ALTERNATIF'!$N$19="Benefit",(G224-$G$227)/($G$226-$G$227),($G$226-G224)/($G$226-$G$227)),1) | M224: =SUMPRODUCT($H224:$L224,$H$228:$L$228) | N224: =RANK.EQ($M224,$M$4:$M$224,0)
A226: MAX | C226: =MAX(C4:C224) | D226: =MAX(D4:D224) | E226: =MAX(E4:E224) | F226: =MAX(F4:F224) | G226: =MAX(G4:G224)
A227: MIN | C227: =MIN(C4:C224) | D227: =MIN(D4:D224) | E227: =MIN(E4:E224) | F227: =MIN(F4:F224) | G227: =MIN(G4:G224)
A228: BOBOT ⇐ 01_KRITERIA | H228: ='01_KRITERIA'!F4 | I228: ='01_KRITERIA'!F5 | J228: ='01_KRITERIA'!F6 | K228: ='01_KRITERIA'!F7 | L228: ='01_KRITERIA'!F8

Sheet 06_DASHBOARD
A1: 06 — DASHBOARD KEPUTUSAN (otomatis)
A2: Top-5 via LARGE + INDEX-MATCH dari 04_SMARTER • Grafik Nilai 15 alternatif • Kesimpulan via CONCAT/TEXTJOIN
A3: TOP-5 DEMO 15 ALTERNATIF (live — ubah bobot/rank lalu lihat berubah)
A4: Rank | B4: Job ID (INDEX-MATCH) | C4: Judul (INDEX-MATCH) | D4: Nilai (LARGE) | E4: Status (IF) | F4: Rank Global (VLOOKUP)
A5: 1 | B5: =INDEX('04_SMARTER'!$B$4:$B$18,MATCH(LARGE('04_SMARTER'!$J$4:$J$18,$A5),'04_SMARTER'!$J$4:$J$18,0)) | C5: =INDEX('04_SMARTER'!$C$4:$C$18,MATCH(LARGE('04_SMARTER'!$J$4:$J$18,$A5),'04_SMARTER'!$J$4:$J$18,0)) | D5: =LARGE('04_SMARTER'!$J$4:$J$18,$A5) | E5: =IF($A5<=3,"★ Rekomendasi",IF($A5<=5,"○ Cadangan","—")) | F5: =VLOOKUP($B5,'05_ARSIP_221'!$A$4:$N$224,14,FALSE)
A6: 2 | B6: =INDEX('04_SMARTER'!$B$4:$B$18,MATCH(LARGE('04_SMARTER'!$J$4:$J$18,$A6),'04_SMARTER'!$J$4:$J$18,0)) | C6: =INDEX('04_SMARTER'!$C$4:$C$18,MATCH(LARGE('04_SMARTER'!$J$4:$J$18,$A6),'04_SMARTER'!$J$4:$J$18,0)) | D6: =LARGE('04_SMARTER'!$J$4:$J$18,$A6) | E6: =IF($A6<=3,"★ Rekomendasi",IF($A6<=5,"○ Cadangan","—")) | F6: =VLOOKUP($B6,'05_ARSIP_221'!$A$4:$N$224,14,FALSE)
A7: 3 | B7: =INDEX('04_SMARTER'!$B$4:$B$18,MATCH(LARGE('04_SMARTER'!$J$4:$J$18,$A7),'04_SMARTER'!$J$4:$J$18,0)) | C7: =INDEX('04_SMARTER'!$C$4:$C$18,MATCH(LARGE('04_SMARTER'!$J$4:$J$18,$A7),'04_SMARTER'!$J$4:$J$18,0)) | D7: =LARGE('04_SMARTER'!$J$4:$J$18,$A7) | E7: =IF($A7<=3,"★ Rekomendasi",IF($A7<=5,"○ Cadangan","—")) | F7: =VLOOKUP($B7,'05_ARSIP_221'!$A$4:$N$224,14,FALSE)
A8: 4 | B8: =INDEX('04_SMARTER'!$B$4:$B$18,MATCH(LARGE('04_SMARTER'!$J$4:$J$18,$A8),'04_SMARTER'!$J$4:$J$18,0)) | C8: =INDEX('04_SMARTER'!$C$4:$C$18,MATCH(LARGE('04_SMARTER'!$J$4:$J$18,$A8),'04_SMARTER'!$J$4:$J$18,0)) | D8: =LARGE('04_SMARTER'!$J$4:$J$18,$A8) | E8: =IF($A8<=3,"★ Rekomendasi",IF($A8<=5,"○ Cadangan","—")) | F8: =VLOOKUP($B8,'05_ARSIP_221'!$A$4:$N$224,14,FALSE)
A9: 5 | B9: =INDEX('04_SMARTER'!$B$4:$B$18,MATCH(LARGE('04_SMARTER'!$J$4:$J$18,$A9),'04_SMARTER'!$J$4:$J$18,0)) | C9: =INDEX('04_SMARTER'!$C$4:$C$18,MATCH(LARGE('04_SMARTER'!$J$4:$J$18,$A9),'04_SMARTER'!$J$4:$J$18,0)) | D9: =LARGE('04_SMARTER'!$J$4:$J$18,$A9) | E9: =IF($A9<=3,"★ Rekomendasi",IF($A9<=5,"○ Cadangan","—")) | F9: =VLOOKUP($B9,'05_ARSIP_221'!$A$4:$N$224,14,FALSE)
A11: STATISTIK & INTERPRETASI (live)
A12: Rata2 Nilai 15 | C12: =AVERAGE('04_SMARTER'!J4:J18) | D12: Pemenang stabil (JOB-1181 & JOB-1038, Education, gaji 2× ekspektasi, lokasi 1,0, jam 0,85–0,95): unggul karena C1=1 + C2=max + C3=1. Skill (C5, bobot 4%) hanya tie-breaker — mis. JOB-1095 skill 0,75 tapi rank 214 global karena C1/C2/C3 rendah. Ganti Rank di 01_KRITERIA untuk uji sensitivitas.
A13: Nilai tertinggi | C13: =MAX('04_SMARTER'!J4:J18)
A14: Nilai terendah | C14: =MIN('04_SMARTER'!J4:J18)
A15: Simpangan (STDEV) | C15: =STDEV('04_SMARTER'!J4:J18)
A16: Jml ★ Rekomendasi | C16: =COUNTIF('04_SMARTER'!N4:N18,"★*")
A17: =CONCAT("KESIMPULAN OTOMATIS: Juara 1 = ",B5," — ",C5," (",TEXT(D5,"0.0000"),") | Juara 2 = ",B6," — ",C6," (",TEXT(D6,"0.0000"),") | Lihat detail di 04_SMARTER.")
A18: VALIDASI SILANG: Top-2 demo (JOB-1181 Rank global 1, JOB-1038 Rank global 2) = Top-2 global 221 — konsisten. File v4 (mock MHS-101) juaranya JOB-1174/JOB-1260; file BARU (real MHS-R050) juaranya JOB-1181/JOB-1038 — bukti data & evaluator berbeda, bukan copy.
